Year,State,% Good Days,% Moderate Days,% Unhealthy for Sensitive Groups Days,% Unhealthy Days,% Very Unhealthy Days,% Hazardous Days,90th Percentile AQI,Median AQI,Number With Current Asthma,Percent With Current Asthma
2021,Alabama,0.72679,0.27137,0.00147,0.00037,0,0,57,40.53333,394199,10.1
2021,Alaska,0.88674,0.09987,0.00858,0.00481,0,0,45.625,20.625,49453,9
2021,Arizona,0.61103,0.32257,0.03583,0.01497,0.01538,0.00021,76.76923,50.38462,519749,9.4
2021,Arkansas,0.67906,0.31919,0.00174,0,0,0,58.81818,42.63636,207857,9
2021,California,0.50049,0.41651,0.05529,0.02198,0.00352,0.0022,89.83019,51.22642,2694396,8.8
2021,Colorado,0.68531,0.27242,0.03863,0.00355,0,9.00E-05,73.25806,39.70968,476932,10.4
2021,Connecticut,0.75941,0.21717,0.02006,0.00335,0,0,63.75,40.375,300910,10.5
2021,Delaware,0.67179,0.3227,0.0055,0,0,0,60.66667,43.33333,77695,9.8
2021,Florida,0.75141,0.24823,0.00036,0,0,0,53.21053,40.92105,2023500,9.5
2021,Georgia,0.68539,0.31081,0.0037,0.0001,0,0,59.13793,42.65517,772663,9.4
2021,Hawaii,0.97807,0.02193,0,0,0,0,36.75,23.25,92849,8.1
2021,Idaho,0.68493,0.28572,0.02138,0.00754,0.00043,0,69.47368,36.68421,138516,9.8
2021,Illinois,0.61101,0.38138,0.00737,0.00024,0,0,63.26087,45.95652,860395,8.7
2021,Indiana,0.70184,0.29534,0.00274,8.00E-05,0,0,59.33333,41.57576,536397,10.3
2021,Iowa,0.6399,0.35647,0.00274,0.00089,0,0,60.625,44,224466,9.1
2021,Kansas,0.68036,0.3111,0.00776,0.00025,0.00028,0.00025,57.63636,39.54545,235953,10.6
2021,Kentucky,0.7584,0.2392,0.00229,0.00011,0,0,56.80769,41.46154,408801,11.7
2021,Louisiana,0.7574,0.24058,0.00165,0.00038,0,0,54.95455,39.31818,344842,9.7
2021,Maine,0.89115,0.10377,0.0048,0.00027,0,0,50.6,34.9,138396,12.5
2021,Maryland,0.76488,0.22795,0.00717,0,0,0,59.8125,41.25,451158,9.4
2021,Massachusetts,0.74187,0.25348,0.00444,0.00021,0,0,56.53846,40,661306,11.7
2021,Michigan,0.71814,0.27498,0.00687,0,0,0,60.62963,40.07407,908568,11.5
2021,Minnesota,0.74716,0.24021,0.00795,0.00387,0.00081,0,60.19048,37,387219,8.8
2021,Mississippi,0.70222,0.29751,0.00027,0,0,0,55.3,42.5,226646,10
2021,Missouri,0.78178,0.21376,0.00419,0.00026,0,0,55.42857,39.95238,449253,9.4
2021,Montana,0.71726,0.24727,0.02773,0.00759,0.00015,0,71.68421,34.47368,83698,9.7
2021,Nebraska,0.77135,0.22326,0.00538,0,0,0,54.9,34.3,122491,8.2
2021,Nevada,0.68492,0.26559,0.02848,0.01431,0.00609,0.00061,77.11111,41.44444,223954,9.1
2021,New Hampshire,0.8612,0.13382,0.00498,0,0,0,52.14286,37.42857,136025,12.1
2021,New Jersey,0.69381,0.29808,0.00786,0.00025,0,0,59.9375,42.375,646963,8.9
2021,New Mexico,0.75857,0.22356,0.01513,0.00205,0.00017,0.00052,59.9375,35.125,173518,10.6
2021,New York,0.81028,0.18331,0.00581,0.00061,0,0,54.88889,37.62963,1563485,9.8
2021,North Carolina,0.78409,0.21518,0.00073,0,0,0,55.83333,40.25,717344,8.7
2021,North Dakota,0.75015,0.21804,0.0205,0.01101,0.00031,0,69.33333,38.44444,50012,8.4
2021,Ohio,0.7098,0.28693,0.0032,7.00E-05,0,0,59.53846,40.51282,955568,10.4
2021,Oklahoma,0.65001,0.33882,0.01034,0.00083,0,0,63.4,44.8,326087,10.9
2021,Oregon,0.73607,0.23517,0.01337,0.01301,0.00226,0.00012,66.3913,34.13043,377851,11.2
2021,Pennsylvania,0.64993,0.34369,0.00604,0.00034,0,0,62.325,43.6,1062292,10.3
2021,Puerto Rico,0.80587,0.18735,0.0046,0.00079,0.00092,0.00046,51.1,25.3,311148,11.4
2021,Rhode Island,0.77635,0.21534,0.00831,0,0,0,56,38.33333,111498,12.6
2021,South Carolina,0.74796,0.25125,0.00079,0,0,0,57.07143,41.21429,372607,9.2
2021,South Dakota,0.77969,0.20696,0.00818,0.00324,0.00194,0,61.7,35.4,55927,8.3
2021,Tennessee,0.73512,0.26224,0.00265,0,0,0,57.91304,40.26087,558276,10.3
2021,Texas,0.70011,0.28989,0.00896,0.00098,6.00E-05,0,59.93333,40.55556,1854306,8.4
2021,Utah,0.65238,0.31198,0.03216,0.00347,0,0,75.66667,43.86667,231080,9.7
2021,Vermont,0.83057,0.16738,0.00205,0,0,0,50.25,32,61465,11.8
2021,Virgin Islands,0.84937,0.15063,0,0,0,0,53.5,25,3920,5
2021,Virginia,0.8478,0.1507,0.0015,0,0,0,47.59375,33.21875,661945,9.8
2021,Washington,0.80589,0.17804,0.00723,0.00705,0.00161,0.00018,55.83871,31.12903,641131,10.5
2021,West Virginia,0.77843,0.22137,0.0002,0,0,0,56.57143,37.64286,171141,12.1
2021,Wisconsin,0.72111,0.26962,0.00879,0.00047,0,0,63.55172,41.41379,498228,10.8
2021,Wyoming,0.78067,0.20151,0.0163,0.00061,0.00015,0.00077,64.88889,35.55556,43188,9.7
2020,Alabama,0.73709,0.262,0.00092,0,0,0,55.33333,39.6,341720,9
2020,Alaska,0.90678,0.08137,0.00578,0.00607,0,0,44,18.77778,48173,8.9
2020,Arizona,0.64738,0.28427,0.03535,0.0164,0.01597,0.00063,75.92308,48.53846,550729,9.6
2020,Arkansas,0.74473,0.25378,0.00149,0,0,0,54.81818,39.18182,210340,9.1
2020,California,0.5088,0.38435,0.05951,0.03625,0.00773,0.00336,95.58491,51.84906,2848466,9.3
2020,Colorado,0.7247,0.25493,0.0183,0.00197,9.00E-05,0,63,38.25806,434782,9.6
2020,Connecticut,0.77737,0.21118,0.01008,0.00137,0,0,59.75,41,299193,10.6
2020,Delaware,0.74342,0.25476,0.00182,0,0,0,57.66667,42.33333,83428,10.8
2020,Florida,0.75325,0.24479,0.00151,0.00046,0,0,54.07692,40.58974,1276625,7.3
2020,Georgia,0.76227,0.23585,0.00188,0,0,0,54.41379,39.06897,736912,9
2020,Hawaii,0.98135,0.01865,0,0,0,0,35.5,21.75,96890,8.8
2020,Idaho,0.75156,0.22563,0.01096,0.00783,0.00318,0.00083,59.95,32.15,127406,9.4
2020,Illinois,0.68157,0.30906,0.00832,0.00105,0,0,60.04348,43.3913,832244,8.5
2020,Indiana,0.7417,0.25451,0.00339,0.0004,0,0,55.55882,40.23529,497539,9.6
2020,Iowa,0.72057,0.27806,0.00086,0.00051,0,0,56.4375,40.3125,220085,9.1
2020,Kansas,0.76573,0.22925,0.00452,0.0005,0,0,53.18182,35,216312,9.8
2020,Kentucky,0.84187,0.15687,0.00126,0,0,0,51.5,38.42308,395633,11.5
2020,Louisiana,0.76551,0.23211,0.00238,0,0,0,55.18182,38.27273,276711,7.8
2020,Maine,0.91259,0.08686,0.00027,0,0.00027,0,48.5,35.5,115621,10.6
2020,Maryland,0.87839,0.12044,0.00117,0,0,0,51.4375,38.0625,420686,8.9
2020,Massachusetts,0.77803,0.22069,0.00128,0,0,0,54.76923,40.30769,592048,10.7
2020,Michigan,0.82395,0.16381,0.01144,0.0008,0,0,54.7037,35.51852,859534,11
2020,Minnesota,0.85982,0.13901,0.00091,0.00026,0,0,49.66667,33.28571,369238,8.5
2020,Mississippi,0.69611,0.30333,0.00056,0,0,0,55.7,42.9,201273,8.9
2020,Missouri,0.81521,0.18108,0.00345,0.00026,0,0,53.28571,37.90476,441777,9.3
2020,Montana,0.81649,0.16815,0.00782,0.00653,0.00072,0.00029,52.84211,29.57895,89552,10.6
2020,Nebraska,0.83941,0.15848,0.00181,0.0003,0,0,49.44444,30.22222,114104,7.8
2020,Nevada,0.74621,0.2212,0.01919,0.01066,0.00243,0.00031,64.77778,39.11111,230431,9.5
2020,New Hampshire,0.9121,0.0879,0,0,0,0,48.71429,37.57143,127113,11.5
2020,New Jersey,0.75024,0.24797,0.00179,0,0,0,56.3125,40.5,598649,8.7
2020,New Mexico,0.79319,0.19738,0.00789,0.00068,0.00034,0.00052,55,33.8125,162657,10.1
2020,New York,0.86014,0.13794,0.00172,0.0002,0,0,51.92593,36,1449094,9.5
2020,North Carolina,0.86659,0.13291,0.0005,0,0,0,50.33333,36.36111,645784,7.8
2020,North Dakota,0.90812,0.09188,0,0,0,0,48.44444,35.44444,49883,8.6
2020,Ohio,0.79317,0.20238,0.00424,0.00021,0,0,53.95,37.825,895631,9.9
2020,Oklahoma,0.72679,0.27044,0.00247,0.00031,0,0,57.38889,41.61111,322759,10.8
2020,Oregon,0.72314,0.24282,0.00833,0.00924,0.00548,0.011,65.86957,33.69565,356958,10.6
2020,Pennsylvania,0.75677,0.24013,0.00304,7.00E-05,0,0,55.8,40.425,1032246,10.2
2020,Puerto Rico,0.88355,0.10972,0.00327,0.00256,0.00028,0.00062,46.81818,20.63636,283602,10.4
2020,Rhode Island,0.80718,0.18824,0.00366,0.00091,0,0,53,38,103190,12.1
2020,South Carolina,0.84187,0.15677,0.00137,0,0,0,51.14286,37.5,385741,9.4
2020,South Dakota,0.84887,0.15004,0.00109,0,0,0,53.3,35.4,53990,8.1
2020,Tennessee,0.82006,0.17862,0.00109,0.00024,0,0,52.73913,37.08696,552156,10.3
2020,Texas,0.71991,0.27096,0.00768,0.00146,0,0,58.86667,39.6,1617392,7.4
2020,Utah,0.71028,0.27513,0.01313,0.00128,0.00018,0,64.66667,42.86667,249663,10.8
2020,Vermont,0.875,0.125,0,0,0,0,46,31.75,54781,10.8
2020,Virginia,0.91783,0.08208,9.00E-05,0,0,0,44.6129,31.29032,571162,8.6
2020,Washington,0.80645,0.1697,0.00393,0.00754,0.00733,0.00504,55.32258,29.58065,579774,9.6
2020,West Virginia,0.87422,0.12529,0.00049,0,0,0,51,35.35714,175011,12.4
2020,Wisconsin,0.79276,0.19695,0.00944,0.00085,0,0,56.77778,38.77778,465109,10.2
2020,Wyoming,0.85346,0.13525,0.00861,0.00228,0.00025,0.00015,53.22222,35.94444,44192,10
2018,Alabama,0.69769,0.30073,0.00124,0.00034,0,0,58.17647,41.41176,394634,10.5
2018,Alaska,0.86693,0.11834,0.01096,0.00377,0,0,51.25,25.875,50685,9.2
2018,Arizona,0.62803,0.33467,0.03162,0.00274,0.00126,0.00169,72.69231,44.46154,545104,10
2018,Arkansas,0.66453,0.33296,0.00252,0,0,0,58.83333,42.83333,225853,9.8
2018,California,0.4606,0.44518,0.06382,0.02489,0.00468,0.00083,89.0566,52.56604,2607598,8.5
2018,Colorado,0.67837,0.29422,0.02473,0.00235,0.00033,0,68.78788,40.27273,399357,9.1
2018,Connecticut,0.76923,0.20509,0.0226,0.00308,0,0,62,39.875,290278,10.3
2018,Delaware,0.67123,0.31781,0.01096,0,0,0,63.66667,44,77035,10.1
2018,Florida,0.77448,0.22319,0.00219,0.00014,0,0,54.23077,39.35897,1495632,8.7
2018,Georgia,0.71765,0.28001,0.00235,0,0,0,57.13793,40.62069,714569,8.9
2018,Hawaii,0.82445,0.16596,0.00822,0.00137,0,0,51.25,32.25,104368,9.3
2018,Idaho,0.72413,0.25876,0.01428,0.00254,0.00029,0,62.9,33.7,111954,8.6
2018,Illinois,0.63183,0.35692,0.01005,0.0012,0,0,62.69565,44.86957,860007,8.7
2018,Indiana,0.72035,0.27077,0.00858,0.0003,0,0,58.10811,40.56757,509651,10
2018,Iowa,0.60024,0.39618,0.00358,0,0,0,60.6875,45,190960,7.9
2018,Kansas,0.77327,0.22548,0.001,0.00025,0,0,55.90909,35.72727,214698,9.8
2018,Kentucky,0.74066,0.25708,0.0019,0.00036,0,0,57.07407,41.74074,395345,11.5
2018,Louisiana,0.71824,0.27689,0.00474,0.00012,0,0,59.36364,39.90909,316423,8.9
2018,Maine,0.8686,0.12894,0.00191,0.00027,0.00027,0,52.1,37.2,132126,12.3
2018,Maryland,0.71012,0.2796,0.00995,0.00034,0,0,63.75,42.9375,439909,9.3
2018,Massachusetts,0.75046,0.24214,0.00741,0,0,0,56.69231,40.15385,558435,10.2
2018,Michigan,0.77692,0.21025,0.012,0.00083,0,0,59.32143,38.35714,872519,11.2
2018,Minnesota,0.76954,0.22854,0.00192,0,0,0,57.28571,37.09524,357232,8.3
2018,Mississippi,0.68734,0.30932,0.00309,0.00025,0,0,59,42.54545,218223,9.7
2018,Missouri,0.73523,0.25719,0.00745,0.00013,0,0,62.04762,41.2381,444334,9.4
2018,Montana,0.75756,0.22559,0.01309,0.00376,0,0,60.68421,33.94737,82660,10
2018,Nebraska,0.79228,0.2065,0.00122,0,0,0,52.77778,33,128793,8.9
2018,Nevada,0.71048,0.25602,0.03105,0.00183,0.00061,0,66.77778,38.44444,186787,8
2018,New Hampshire,0.86432,0.13293,0.00276,0,0,0,53.71429,38,128307,11.8
2018,New Jersey,0.66165,0.32486,0.01211,0.00138,0,0,63.9375,42.9375,593242,8.4
2018,New Mexico,0.73449,0.24504,0.0191,0.00137,0,0,64.0625,35.6875,157177,9.9
2018,New York,0.80592,0.1846,0.00888,0.0005,0.0001,0,55.60714,37,1578011,10.1
2018,North Carolina,0.75976,0.23886,0.00137,0,0,0,58.02778,40.86111,757790,9.4
2018,North Dakota,0.8145,0.18163,0.00332,0.00055,0,0,57,37.4,46996,8.2
2018,Ohio,0.71639,0.27584,0.00763,0.00014,0,0,60.525,40.125,854186,9.4
2018,Oklahoma,0.69599,0.29479,0.00885,0.00037,0,0,62.04,41.52,307581,10.3
2018,Oregon,0.70021,0.26827,0.01794,0.01153,0.00205,0,71.04348,36.56522,383340,11.6
2018,Pennsylvania,0.68394,0.30923,0.00646,0.00037,0,0,61.71795,41.79487,1012588,10
2018,Puerto Rico,0.72664,0.26191,0.00773,0.00372,0,0,50.85714,31.71429,303623,11.1
2018,Rhode Island,0.75761,0.22482,0.01757,0,0,0,58,39.33333,101251,11.9
2018,South Carolina,0.80761,0.19161,0.00079,0,0,0,53.33333,37.72222,360353,9.1
2018,South Dakota,0.81695,0.1781,0.00412,0,0,0.00083,54.1,35.8,51652,7.9
2018,Tennessee,0.73453,0.26196,0.00339,0.00012,0,0,59.08696,40.52174,513084,9.8
2018,Texas,0.69754,0.28626,0.0145,0.00157,0.00013,0,62.71429,40.90476,1572815,7.4
2018,Utah,0.59363,0.37602,0.0278,0.00256,0,0,79,45.8,206360,9.3
2018,Vermont,0.82767,0.17164,0.00068,0,0,0,52,32,60216,12
2018,Virginia,0.85978,0.13959,0.00063,0,0,0,48.46875,32.71875,563510,8.5
2018,Washington,0.75861,0.21382,0.01417,0.0113,0.00174,0.00037,62.06667,31.66667,558951,9.6
2018,West Virginia,0.79331,0.20604,0.00065,0,0,0,55.35714,37.28571,175368,12.3
2018,Wisconsin,0.76248,0.22664,0.00918,0.0017,0,0,62.55556,41.62963,408318,9
2018,Wyoming,0.77745,0.21852,0.00358,0.00046,0,0,59.27778,39.77778,38099,8.7
2019,Alabama,0.68972,0.3073,0.00298,0,0,0,58.58824,43.47059,360965,9.5
2019,Alaska,0.84462,0.13729,0.01014,0.00644,0.0003,0.00122,49.55556,23.11111,54239,9.9
2019,Arizona,0.67556,0.30441,0.0175,0.00042,0.00063,0.00148,64.46154,43.07692,544394,9.7
2019,Arkansas,0.65036,0.34922,0.00042,0,0,0,57.69231,43.76923,215095,9.3
2019,California,0.60388,0.35103,0.0364,0.00729,0.00062,0.00078,75.35849,46.71698,2405797,7.8
2019,Colorado,0.74316,0.25029,0.00637,0.00018,0,0,57.12903,38.09677,434603,9.7
2019,Connecticut,0.78977,0.18656,0.02134,0.00232,0,0,59.25,41.125,297971,10.5
2019,Delaware,0.64475,0.35251,0.00274,0,0,0,64.33333,45,75119,9.8
2019,Florida,0.77797,0.22069,0.00135,0,0,0,54.23077,40,1292568,7.4
2019,Georgia,0.65542,0.33968,0.00462,0.00029,0,0,60.41379,44.55172,620794,7.7
2019,Hawaii,0.97383,0.0234,0.00207,0.00069,0,0,36.25,21.25,106413,9.6
2019,Idaho,0.80178,0.19478,0.00303,0.00041,0,0,54.25,30.55,131709,10
2019,Illinois,0.65002,0.34585,0.00377,0.00036,0,0,61.17391,45.17391,808461,8.2
2019,Indiana,0.73901,0.2595,0.00148,0,0,0,56.67568,40.83784,499841,9.8
2019,Iowa,0.70812,0.29154,0.00034,0,0,0,57.6875,40.4375,194614,8
2019,Kansas,0.8123,0.18618,0.00127,0.00025,0,0,51.54545,34.27273,217474,9.9
2019,Kentucky,0.77723,0.22221,0.00056,0,0,0,54.92593,42.62963,326678,9.5
2019,Louisiana,0.71737,0.28099,0.00164,0,0,0,57.59091,40.68182,280621,7.9
2019,Maine,0.89383,0.10492,0.00098,0.00027,0,0,49.2,35.6,127896,11.8
2019,Maryland,0.75607,0.23539,0.00855,0,0,0,60.3125,42.5625,424051,9
2019,Massachusetts,0.79343,0.20548,0.00109,0,0,0,53.69231,40.76923,570379,10.3
2019,Michigan,0.81946,0.17794,0.0026,0,0,0,53.39286,37.10714,867732,11.1
2019,Minnesota,0.83073,0.16834,0.0008,0.00014,0,0,53.57143,33.19048,358668,8.3
2019,Mississippi,0.69043,0.30902,0.00055,0,0,0,57.5,43.7,225468,9.9
2019,Missouri,0.79117,0.20661,0.00202,0.0002,0,0,55.38095,40.7619,479037,10.1
2019,Montana,0.83669,0.16154,0.00144,0.00032,0,0,51.57895,30.73684,83280,10
2019,Nebraska,0.87641,0.12359,0,0,0,0,47.55556,29.44444,116768,8
2019,Nevada,0.80827,0.1896,0.00213,0,0,0,53.44444,35.44444,224825,9.4
2019,New Hampshire,0.92952,0.07008,0.00039,0,0,0,48.28571,36.28571,119305,10.8
2019,New Jersey,0.68119,0.3144,0.00441,0,0,0,60.8125,43.5,844670,9.5
2019,New Mexico,0.77955,0.2112,0.00754,0.00086,0.00034,0.00052,55.4375,33.3125,134715,8.4
2019,New York,0.85716,0.14074,0.00209,0,0,0,51.75862,37.10345,1419951,9.3
2019,North Carolina,0.75573,0.24316,0.00112,0,0,0,57.36111,42.08333,681689,8.3
2019,North Dakota,0.89761,0.10184,0.00028,0.00028,0,0,49.8,34.9,47369,8.1
2019,Ohio,0.72954,0.26787,0.00259,0,0,0,56.975,40.5,1009034,11.1
2019,Oklahoma,0.74468,0.25352,0.00147,0.00034,0,0,55.63636,39.45455,302947,10.2
2019,Oregon,0.75161,0.24295,0.00465,0.0008,0,0,60.91667,33.08333,369735,11.1
2019,Pennsylvania,0.71899,0.27648,0.00405,0.00048,0,0,59.35,42.05,1104033,10.9
2019,Puerto Rico,0.80639,0.1865,0.00683,0.00029,0,0,53.5,26.9,287511,10.5
2019,Rhode Island,0.81157,0.18653,0.00189,0,0,0,53.33333,39.33333,94817,11.2
2019,South Carolina,0.778,0.21997,0.00204,0,0,0,53.66667,38.22222,376358,9.4
2019,South Dakota,0.86649,0.13076,0.00275,0,0,0,52.4,33.5,56510,8.5
2019,Tennessee,0.72048,0.27819,0.00133,0,0,0,57.65217,41.21739,463655,8.8
2019,Texas,0.69669,0.29381,0.00882,0.0006,7.00E-05,0,60.39024,42.21951,1532311,7.1
2019,Utah,0.71339,0.27101,0.01322,0.00164,0.00073,0,63.33333,43.93333,223768,9.9
2019,Vermont,0.87499,0.12501,0,0,0,0,47,31.75,59140,11.6
2019,Virginia,0.8764,0.12325,0.00035,0,0,0,47.1875,34.46875,586339,8.8
2019,Washington,0.79282,0.20558,0.00159,0,0,0,55.96774,31.03226,590642,9.9
2019,West Virginia,0.81663,0.18266,0.00071,0,0,0,54.35714,38.78571,164016,11.5
2019,Wisconsin,0.81413,0.18354,0.00233,0,0,0,55.74074,38.55556,460075,10.2
2019,Wyoming,0.86255,0.13364,0.00336,0.00046,0,0,52.38889,38.94444,41968,9.5
2014,Alabama,0.72066,0.27647,0.00288,0,0,0,58.94444,41.77778,353847,9.5
2014,Alaska,0.79779,0.1677,0.01613,0.01633,0.00205,0,62,27,44865,8.1
2014,Arizona,0.61769,0.34353,0.02993,0.00485,0.00148,0.00253,73.46154,44.61538,484115,9.6
2014,Arkansas,0.68941,0.30984,0.00075,0,0,0,60.18182,42.45455,197478,8.8
2014,California,0.47398,0.44366,0.06614,0.015,0.00056,0.00066,86.01852,52.51852,2279568,7.8
2014,Colorado,0.78155,0.20924,0.00847,0.00065,9.00E-05,0,57.33333,37.23333,342994,8.4
2014,Connecticut,0.64306,0.33071,0.02485,0.00137,0,0,69.875,45.125,257311,9.2
2014,Delaware,0.52021,0.46791,0.01096,0.00091,0,0,69.66667,49.66667,63855,8.8
2014,Florida,0.72947,0.26798,0.0024,0.00015,0,0,55.48718,40.79487,1268162,8
2014,Georgia,0.55433,0.44146,0.00412,9.00E-05,0,0,61.9375,47.78125,626931,8.3
2014,Hawaii,0.7272,0.26997,0.00213,0.0007,0,0,52.25,35.5,102093,9.2
2014,Idaho,0.78657,0.20001,0.01231,0.00111,0,0,55.1,31.8,103201,8.6
2014,Illinois,0.73987,0.25497,0.00516,0,0,0,60.17391,40.91304,898521,9.1
2014,Indiana,0.60595,0.3879,0.00593,0.00014,7.00E-05,0,64.79487,46.87179,532909,10.7
2014,Iowa,0.5978,0.39845,0.00375,0,0,0,61.63158,44.89474,201266,8.5
2014,Kansas,0.81045,0.18586,0.003,0.00069,0,0,51.58333,34,189350,8.7
2014,Kentucky,0.73016,0.26826,0.00149,9.00E-05,0,0,58.44828,41.7931,402690,11.9
2014,Louisiana,0.63644,0.35672,0.00659,0.00026,0,0,60.59091,43.72727,270261,7.7
2014,Maine,0.86437,0.13378,0.00185,0,0,0,51.18182,36,122881,11.6
2014,Maryland,0.6119,0.38328,0.00482,0,0,0,66.125,46.5625,393571,8.5
2014,Massachusetts,0.67915,0.32001,0.00084,0,0,0,58.38462,42.92308,636176,12
2014,Michigan,0.69132,0.29874,0.00979,0.00015,0,0,64.07143,42.57143,831656,10.9
2014,Minnesota,0.77563,0.22331,0.00107,0,0,0,56.85714,36.61905,350818,8.4
2014,Mississippi,0.73695,0.25808,0.0047,0.00027,0,0,54.9,41.7,166117,7.4
2014,Missouri,0.67747,0.31596,0.00657,0,0,0,63.71429,43.80952,450530,9.7
2014,Montana,0.79665,0.19723,0.00567,0.00045,0,0,54.36842,31.68421,76683,9.6
2014,Nebraska,0.83137,0.16773,0.00091,0,0,0,51.72727,30.09091,108805,7.7
2014,Nevada,0.67714,0.3087,0.01082,0.00183,0,0.00152,65.88889,42.88889,172343,8.1
2014,New Hampshire,0.75136,0.24541,0.00322,0,0,0,56.28571,40.85714,107371,10.2
2014,New Jersey,0.70065,0.29077,0.00824,0.00034,0,0,61.75,43.0625,570238,8.3
2014,New Mexico,0.81049,0.18434,0.00372,0.00081,0.00048,0.00016,52.47059,35.29412,154861,9.9
2014,New York,0.78757,0.20987,0.00237,0.00019,0,0,53.93103,38.41379,1642598,10.7
2014,North Carolina,0.66636,0.33241,0.00123,0,0,0,59.82609,44.5,592279,7.8
2014,North Dakota,0.87986,0.11768,0.00215,0,0.00032,0,51.33333,36.33333,50533,8.7
2014,Ohio,0.63718,0.35586,0.00689,7.00E-05,0,0,63.05263,44.52632,957711,10.8
2014,Oklahoma,0.71059,0.28572,0.00356,0.00012,0,0,60.77273,41.63636,284303,9.7
2014,Oregon,0.74252,0.24711,0.0078,0.00257,0,0,62.78261,34.08696,314501,10.2
2014,Pennsylvania,0.57852,0.41354,0.00765,0.00029,0,0,63.55263,47.23684,979527,9.8
2014,Puerto Rico,0.93859,0.06116,0,0,0.00025,0,40.08333,19.5,298155,10.6
2014,Rhode Island,0.78247,0.21478,0.00274,0,0,0,54.33333,40.33333,89462,10.8
2014,South Carolina,0.71361,0.28585,0.00038,0.00016,0,0,55.63158,42.10526,309409,8.3
2014,South Dakota,0.83933,0.15975,0.00092,0,0,0,53.66667,36.33333,48213,7.5
2014,Tennessee,0.68523,0.3132,0.00157,0,0,0,59.5,42.83333,448189,8.9
2014,Texas,0.66976,0.32358,0.00622,0.00045,0,0,61.67442,42.53488,1312573,6.7
2014,Utah,0.73127,0.2532,0.01425,0.00128,0,0,62.86667,42.86667,178514,8.7
2014,Vermont,0.78294,0.215,0.00205,0,0,0,57.25,33.75,56644,11.3
2014,Virginia,0.82462,0.17437,0.00093,8.00E-05,0,0,48.77143,34.45714,556765,8.6
2014,Washington,0.78565,0.20923,0.00435,0.00077,0,0,57.55172,31.58621,500993,9.3
2014,West Virginia,0.74322,0.25608,0.00069,0,0,0,57.2,39.06667,161534,11
2014,Wisconsin,0.74806,0.24223,0.00972,0,0,0,60.80769,41.07692,456134,10.3
2014,Wyoming,0.85959,0.13897,0.00115,0.00029,0,0,50.68421,35.89474,37351,8.3
2015,Alabama,0.61272,0.38361,0.00322,0.00046,0,0,60.38889,44.94444,370128,9.9
2015,Alaska,0.81099,0.16366,0.01027,0.01301,0.00205,0,57.375,26.625,50792,9.2
2015,Arizona,0.69118,0.2852,0.02066,0.00063,0.00021,0.00211,67.15385,41.38462,479791,9.3
2015,Arkansas,0.71166,0.28784,0.0005,0,0,0,58.45455,41.27273,226691,10.1
2015,California,0.47724,0.44101,0.06575,0.01443,0.00071,0.00086,86.09259,52.64815,2290491,7.7
2015,Colorado,0.78861,0.20131,0.00945,0.00044,0.00018,0,55.54839,36.09677,375709,9
2015,Connecticut,0.66339,0.29819,0.03499,0.00343,0,0,71.875,44.5,294997,10.5
2015,Delaware,0.58995,0.39817,0.01096,0.00091,0,0,71.66667,47,67950,9.2
2015,Florida,0.78285,0.21673,0.00042,0,0,0,53.12821,38.84615,1197036,7.4
2015,Georgia,0.64142,0.35531,0.00281,0.00034,0.00011,0,58.96875,44.25,708933,9.2
2015,Hawaii,0.65472,0.34528,0,0,0,0,56,38,111142,10
2015,Idaho,0.76861,0.20599,0.01677,0.00672,0.00173,0.00018,59.5,30.9,110735,9.1
2015,Illinois,0.72394,0.2728,0.00302,0.00024,0,0,59.56522,42,828784,8.4
2015,Indiana,0.65114,0.3444,0.00404,0.00042,0,0,61.94872,44.76923,512557,10.2
2015,Iowa,0.64346,0.35485,0.0014,0.00029,0,0,58.94737,43.68421,181072,7.6
2015,Kansas,0.82848,0.17027,0.00125,0,0,0,52.18182,33.72727,188514,8.7
2015,Kentucky,0.73219,0.2622,0.00522,0.00039,0,0,58.35714,42.60714,403499,11.9
2015,Louisiana,0.68581,0.30919,0.00463,0.00037,0,0,59.22727,41.5,288759,8.2
2015,Maine,0.8216,0.17585,0.00255,0,0,0,52.25,36.75,120034,11.2
2015,Maryland,0.60002,0.38896,0.0105,0.00052,0,0,69.875,46.875,408914,8.8
2015,Massachusetts,0.72648,0.26773,0.00558,0.00021,0,0,58.46154,40.07692,547096,10.2
2015,Michigan,0.70988,0.28089,0.00878,0.00045,0,0,61.89286,42.03571,781517,10.2
2015,Minnesota,0.80854,0.18853,0.00279,0.00013,0,0,53.95238,36.09524,310116,7.4
2015,Mississippi,0.75734,0.24216,0.0005,0,0,0,55.09091,40.18182,175845,7.8
2015,Missouri,0.71739,0.27852,0.00383,0.00026,0,0,60,42.42857,448562,9.6
2015,Montana,0.76967,0.20255,0.01454,0.01205,0.00118,0,59.26316,32.94737,71210,8.9
2015,Nebraska,0.83694,0.16231,0.00076,0,0,0,49.54545,30.72727,101854,7.2
2015,Nevada,0.70288,0.28029,0.01551,0.00132,0,0,65.66667,41.66667,179450,8.1
2015,New Hampshire,0.77974,0.21509,0.00479,0.00039,0,0,56,40.28571,107224,10.1
2015,New Jersey,0.68291,0.29692,0.01938,0.00078,0,0,68.6875,42.375,501572,7.2
2015,New Mexico,0.82241,0.17433,0.00291,0.00034,0,0,50.3125,32.125,155818,9.9
2015,New York,0.76275,0.22974,0.0075,0,0,0,57.10345,38.96552,1532508,9.9
2015,North Carolina,0.7053,0.29323,0.00147,0,0,0,59.79545,43.18182,633683,8.2
2015,North Dakota,0.82229,0.16098,0.01261,0.00412,0,0,54.3,35.5,52567,9
2015,Ohio,0.67127,0.32053,0.00813,7.00E-05,0,0,63.76923,42.69231,896185,10
2015,Oklahoma,0.77003,0.22855,0.00127,0.00015,0,0,55.21739,38.6087,279781,9.5
2015,Oregon,0.72134,0.25821,0.0135,0.00648,0.00036,0.00012,64.95652,35.3913,351437,11.2
2015,Pennsylvania,0.56962,0.41807,0.01187,0.00044,0,0,68.13514,46.97297,1020306,10.2
2015,Puerto Rico,0.90262,0.09673,0.00065,0,0,0,46.4,22,285801,10.2
2015,Rhode Island,0.66599,0.32018,0.01107,0.00276,0,0,62.66667,44.66667,91992,11
2015,South Carolina,0.79421,0.20518,0.00061,0,0,0,53.05263,39.26316,309943,8.2
2015,South Dakota,0.77866,0.21666,0.0044,0.00028,0,0,55.3,38.2,54406,8.4
2015,Tennessee,0.72426,0.27418,0.00156,0,0,0,57.875,41.20833,455946,9
2015,Texas,0.68354,0.30027,0.01412,0.00201,7.00E-05,0,64.80488,41.60976,1528177,7.6
2015,Utah,0.70905,0.27399,0.01618,0.00078,0,0,66.42857,41.92857,187377,9
2015,Vermont,0.76794,0.23001,0.00205,0,0,0,57,34,55265,11
2015,Virginia,0.82235,0.17623,0.00142,0,0,0,50.22857,34.82857,513676,7.9
2015,Washington,0.75215,0.23403,0.01019,0.00287,9.00E-05,0.00067,60.13793,33.7931,516400,9.4
2015,West Virginia,0.73062,0.26612,0.00308,0.00019,0,0,59.86667,39.53333,158528,10.8
2015,Wisconsin,0.78954,0.20332,0.00685,0.00029,0,0,59.40741,39.74074,426296,9.5
2015,Wyoming,0.85028,0.14621,0.00294,0.00058,0,0,53.10526,35.89474,35482,8
2017,Alabama,0.68621,0.31121,0.00226,0.00015,0.00016,0,58.33333,42.88889,409623,10.9
2017,Alaska,0.85679,0.12285,0.01214,0.00822,0,0,53.71429,25.42857,46863,8.4
2017,Arizona,0.61556,0.34895,0.03148,0.00337,0.00042,0.00021,70.76923,45.30769,529155,9.8
2017,Arkansas,0.64577,0.35373,0.0005,0,0,0,57.18182,44.09091,219001,9.6
2017,California,0.47571,0.43214,0.06846,0.01897,0.00305,0.00167,89.84906,52.56604,2398304,7.9
2017,Colorado,0.75907,0.23092,0.00976,0.00026,0,0,58.21875,37.4375,404012,9.3
2017,Connecticut,0.7723,0.20551,0.01813,0.00406,0,0,59.125,40.625,299336,10.7
2017,Delaware,0.64377,0.34526,0.01097,0,0,0,63.66667,45.33333,79827,10.6
2017,Florida,0.73001,0.26705,0.00294,0,0,0,55.5641,41.41026,1258262,7.5
2017,Georgia,0.68861,0.30945,0.00166,0.00019,0,9.00E-05,57.70968,43.25806,663053,8.4
2017,Hawaii,0.76288,0.23712,0,0,0,0,51.75,33.25,109177,9.8
2017,Idaho,0.6886,0.2737,0.02553,0.00816,0.0036,0.00041,69.15,35.8,113842,9
2017,Illinois,0.67655,0.31586,0.00747,0.00012,0,0,61.82609,44.17391,808252,8.2
2017,Indiana,0.73012,0.26532,0.00448,7.00E-05,0,0,57.84211,42.47368,509205,10
2017,Iowa,0.61787,0.38167,0.00046,0,0,0,58.66667,43.05556,223269,9.3
2017,Kansas,0.81115,0.18811,0.0005,0.00025,0,0,51,34.81818,199738,9.1
2017,Kentucky,0.73829,0.26068,0.00103,0,0,0,55.39286,43.32143,367763,10.7
2017,Louisiana,0.71605,0.28083,0.00312,0,0,0,56.63636,41,319238,9
2017,Maine,0.8386,0.15698,0.00376,0.00065,0,0,52.18182,36.36364,119995,11.2
2017,Maryland,0.69475,0.2952,0.00935,0.00069,0,0,62.375,44.125,440338,9.4
2017,Massachusetts,0.77425,0.21728,0.00783,0.00064,0,0,55.07692,40.30769,621312,11.5
2017,Michigan,0.76805,0.2263,0.00566,0,0,0,58.03571,39.35714,837016,10.8
2017,Minnesota,0.80449,0.19537,0.00014,0,0,0,54.1,35.6,310955,7.3
2017,Mississippi,0.77879,0.2207,0.00051,0,0,0,53.54545,40.09091,187772,8.3
2017,Missouri,0.74334,0.25366,0.0028,0.00019,0,0,58.95238,42.7619,442086,9.4
2017,Montana,0.70579,0.25727,0.01979,0.01065,0.00347,0.00303,74.10526,35.57895,74843,9.1
2017,Nebraska,0.76249,0.23653,0.00098,0,0,0,54.11111,34.55556,118181,8.2
2017,Nevada,0.72834,0.2563,0.01382,0.00122,0.00033,0,61.88889,39.55556,240247,10.4
2017,New Hampshire,0.86044,0.13718,0.00198,0.0004,0,0,53.57143,37.14286,142205,13.2
2017,New Jersey,0.67759,0.31247,0.00995,0,0,0,61,42.9375,600483,8.6
2017,New Mexico,0.76527,0.22144,0.01209,0.00068,0,0.00051,56.8125,33.6875,165265,10.5
2017,New York,0.82876,0.16678,0.00417,0.00028,0,0,52.7931,37.27586,1426161,9.2
2017,North Carolina,0.76603,0.23355,0.00042,0,0,0,55.58333,41.94444,730767,9.2
2017,North Dakota,0.84436,0.1513,0.00281,0.00128,0.00025,0,51.63636,35,50524,8.6
2017,Ohio,0.73355,0.26213,0.00425,7.00E-05,0,0,57.79487,40.51282,888520,9.9
2017,Oklahoma,0.76843,0.22848,0.00295,0.00014,0,0,54.92593,39.25926,285215,9.6
2017,Oregon,0.69352,0.2647,0.02301,0.01381,0.00401,0.00095,73.04348,35.08696,353411,10.9
2017,Pennsylvania,0.58958,0.40464,0.00556,0.00022,0,0,62.2973,46.16216,1021687,10.1
2017,Puerto Rico,0.79369,0.19803,0.00754,0.00037,0.00037,0,51.54545,28.63636,334638,12.1
2017,Rhode Island,0.79459,0.19238,0.01211,0.00092,0,0,54.33333,37.33333,103853,12.3
2017,South Carolina,0.80965,0.18945,0.0009,0,0,0,51.63158,38.36842,361086,9.2
2017,South Dakota,0.83841,0.15885,0.00219,0.00055,0,0,52.9,35.1,48077,7.3
2017,Tennessee,0.73748,0.26132,0.00108,0.00012,0,0,56.95652,41.91304,517735,10
2017,Texas,0.71753,0.27294,0.00908,0.00039,7.00E-05,0,60,41.59524,1543064,7.3
2017,Utah,0.61905,0.34611,0.03054,0.00391,0.00039,0,74.57143,45.71429,192523,8.9
2017,Vermont,0.85862,0.14069,0.00069,0,0,0,49.75,32,59012,11.8
2017,Virginia,0.86513,0.13437,0.00042,8.00E-05,0,0,46.75758,33.51515,581200,8.9
2017,Washington,0.73925,0.23121,0.01668,0.01035,0.00232,0.00018,64.86667,32.93333,603962,10.5
2017,West Virginia,0.78138,0.21792,0.0007,0,0,0,54.78571,39.28571,182240,12.7
2017,Wisconsin,0.81905,0.17342,0.00754,0,0,0,57.18519,38.74074,428991,9.5
2017,Wyoming,0.77949,0.2139,0.00467,0.00145,0.00032,0.00016,60.05882,39.05882,40805,9.1
2016,Alabama,0.66943,0.32543,0.00436,0.00078,0,0,58.38889,44.27778,365041,9.7
2016,Alaska,0.81738,0.15921,0.01444,0.00898,0,0,56.28571,28.57143,48398,8.8
2016,Arizona,0.6575,0.31854,0.02165,0.00126,0.00063,0.00042,66.07692,44.07692,491794,9.4
2016,Arkansas,0.70337,0.29588,0.0005,0.00025,0,0,56.54545,42.45455,193863,8.5
2016,California,0.5143,0.40834,0.06211,0.01251,0.00111,0.00162,84.33333,50.07407,2366008,7.8
2016,Colorado,0.79471,0.19733,0.00735,0.00053,9.00E-05,0,54.71875,36.03125,374598,8.8
2016,Connecticut,0.70488,0.25957,0.02931,0.00623,0,0,70.875,42.875,295601,10.5
2016,Delaware,0.64253,0.3438,0.01276,0.00091,0,0,66,45.66667,63617,8.5
2016,Florida,0.75558,0.2432,0.001,0.00021,0,0,54.25641,41.25641,1109768,6.7
2016,Georgia,0.65084,0.33801,0.00945,0.0017,0,0,61.03125,44.5,666285,8.5
2016,Hawaii,0.6939,0.302,0.0041,0,0,0,53.75,35.75,120293,10.7
2016,Idaho,0.77564,0.21315,0.01009,0.00112,0,0,58.1,31.35,115109,9.3
2016,Illinois,0.72779,0.26189,0.01008,0.00024,0,0,59.30435,41.43478,879704,8.9
2016,Indiana,0.68805,0.30245,0.00928,0.00015,7.00E-05,0,63.59459,42.62162,514349,10.2
2016,Iowa,0.66643,0.33199,0.0013,0.00029,0,0,57.05263,41.42105,187872,7.8
2016,Kansas,0.85205,0.14566,0.00204,0.00025,0,0,51.27273,33.90909,193078,8.8
2016,Kentucky,0.70192,0.29279,0.00486,0.00043,0,0,59,43.57143,394686,11.6
2016,Louisiana,0.71355,0.28383,0.00262,0,0,0,56.45455,41.86364,297349,8.4
2016,Maine,0.85389,0.14409,0.00177,0.00025,0,0,52.45455,34.81818,130992,12.2
2016,Maryland,0.65636,0.32499,0.01728,0.0012,0.00017,0,68.75,44.9375,439666,9.4
2016,Massachusetts,0.81287,0.18058,0.00613,0.00042,0,0,55.23077,38.61538,560739,10.3
2016,Michigan,0.74297,0.23398,0.02265,0.0004,0,0,63.07143,39.78571,841111,10.9
2016,Minnesota,0.86052,0.13783,0.00151,0.00014,0,0,50.85,32.05,321439,7.6
2016,Mississippi,0.77637,0.22335,0.00028,0,0,0,54.54545,41.54545,181044,8
2016,Missouri,0.76837,0.22496,0.00632,0.00035,0,0,58.33333,40.80952,463150,9.9
2016,Montana,0.82511,0.16632,0.0077,0.00073,0,0.00014,50.36842,30.68421,69403,8.5
2016,Nebraska,0.86063,0.13798,0.00139,0,0,0,49.5,29.6,118932,8.3
2016,Nevada,0.74655,0.24154,0.0113,0,0.0003,0.0003,59.66667,38.55556,179986,7.9
2016,New Hampshire,0.86146,0.13463,0.00391,0,0,0,53.71429,37.28571,121566,11.4
2016,New Jersey,0.63925,0.34515,0.01457,0.00103,0,0,65.125,44.375,573506,8.2
2016,New Mexico,0.82416,0.1719,0.00308,0.00069,0,0.00017,49.9375,32.25,185678,11.8
2016,New York,0.81042,0.18066,0.00872,0.00019,0,0,54.72414,37.41379,1474062,9.5
2016,North Carolina,0.74176,0.25122,0.00549,0.00153,0,0,59.11111,42.30556,630864,8
2016,North Dakota,0.93809,0.06134,0.00057,0,0,0,44,30.9,53028,9
2016,Ohio,0.6969,0.29183,0.01127,0,0,0,62.5641,41.66667,873284,9.7
2016,Oklahoma,0.80286,0.19557,0.00147,0.00011,0,0,51.88,38.12,293910,10
2016,Oregon,0.81895,0.17995,0.00097,0.00013,0,0,56.22727,30,335445,10.5
2016,Pennsylvania,0.60908,0.37913,0.01165,7.00E-05,7.00E-05,0,63.7027,45.56757,1070258,10.6
2016,Puerto Rico,0.88609,0.10205,0.01038,0.00094,0.00055,0,46.18182,22,298918,10.7
2016,Rhode Island,0.74097,0.24698,0.01112,0.00092,0,0,57.66667,40.66667,90375,10.7
2016,South Carolina,0.77714,0.21788,0.00345,0.0014,0.00014,0,53.7,40.5,340518,8.8
2016,South Dakota,0.87083,0.12753,0.00164,0,0,0,51.2,33.5,40253,6.2
2016,Tennessee,0.73804,0.25522,0.00502,0.00172,0,0,57.54167,41,559423,10.9
2016,Texas,0.75327,0.24125,0.00522,0.00026,0,0,57.35714,40.19048,1584264,7.6
2016,Utah,0.71071,0.26627,0.01971,0.00293,0.00039,0,65,41.07143,175360,8.3
2016,Vermont,0.88103,0.11828,0.00068,0,0,0,48.25,31,51211,10.2
2016,Virgin Islands,0.6908,0.3092,0,0,0,0,57.5,36,5011,6.3
2016,Virginia,0.84989,0.14645,0.00366,0,0,0,48.38235,32.70588,560419,8.6
2016,Washington,0.83823,0.15913,0.00217,0.00047,0,0,51.72414,29.68966,538758,9.6
2016,West Virginia,0.76089,0.23665,0.00245,0,0,0,56.07143,38.78571,171816,11.8
2016,Wisconsin,0.81074,0.17327,0.01503,0.00096,0,0,59.81481,37.85185,381108,8.5
2016,Wyoming,0.86099,0.13841,0.00046,0.00015,0,0,52.16667,37.83333,42717,9.5